{
    "BACKUPBOTS": {},
    "EXPT": "[UNLIMITED]",
    "PROEASY": {},
    "PROHARD": {},
    "PROTECT": {},
    "Proinvite": {},
    "Prolink": {},
    "idline": "none",
    "Proname": {},
    "Protect": false,
    "Ramadhan": true,
    "Sider": true,
    "addImage": {
        "name": "",
        "status": false
    },
    "addSticker": {
        "name": "",
        "status": false
    },
    "admin": {},
    "adminOn": false,
    "autoAdd": false,
    "autoJoin": false,
    "DATANG": "SELAMAT DATANG",
    "KELUAR": "SELAMAT BAPER",
    "autoLeave": false,
    "autoReject": false,
    "SAMBUT": {},
    "tagme": "apa..",
    "autoJoinTicket": false,
    "autoRead": false,
    "bancet": {},
    "blacklist": {},
    "changeGroupPicture": [],
    "changePicture": false,
    "checkContact": false,
    "checkPost": false,
    "cp": false,
    "detectMention": false,
    "keep1": "━━━━SELFBOT PRO━━━━\nDAFTAR:_______|_____|PERPANJANG:\nselfbot only                              ~ 50k ||50k\n1 selfbot + 2 asist                  ~ 100k || 80k\n1 selfbot + 2 asist + 1 kicker ~ 100k ||100k \n1 selfbot + 3asist + 2 kicker ~ 150k || 150k\n1 selfbot + 4 asist + 2 kicker ~ 200k || 150k\n1 selfbot + 5 asist + 2 kicker ~ 200k || 200k\n1 selfbot + 6 asist + 2 kicker ~ 250k|| 200k\n1 selfbot + 7 asist + 2 kicker ~ 250k|| 250k\n1 selfbot + 8 asist + 2 kicker ~ 300k || 250k\n━━━━━SELFBOT PRO PREMIUM━━━━━\n2 selfbot + 10 asist + 4 kicker ~ 500k || 450k\n2 selfbot + 12 asist + 4 kicker ~ 500k || 500k\n[[SEMUA SELFBOT SUDAH TERMASUK OWNER BOT PROTECT]]\n== GABUNGAN SELFBOT DENGAN BOT PROTECT ==\n=================\n======PROTECT GRUP======\n👉 BOT PROTECT PER GRUP\nMAXIMAL 2 ADMIN 👉 5 bot~ 50k  per bulan\nMAXIMAL 3 ADMIN 👉 8 bot ~100k per bulan\nMAXIMAL 4 ADMIN 👉 11 bot ~ 150k per bulan\n_______[SELFBOT PROTECT]________",
    "keep2": "none",
    "keep3": "none",
    "keyCommand": "acil",
    "line": "EvAN3hPyERMdt4HJapMd.7rvSHV/LyctaRlOw94IEBq.LgqTtLcLVZcJffZYQPFA/kWAcOMME5gBMj6PA9yKE4M=",
    "message": "THANKS FOR ADD ME\nMENERIMA PESANAN SELFBOT MINAT.!!\nINFO LANGSUNG KE\n\nID:::::http://line.me/ti/p/~hanavy1992",
    "myProfile": {
        "coverId": "",
        "displayName": "",
        "pictureStatus": "0h3cjxgiGkbExXAUDViUsTG2tEYiEgL2oEL28kKiFVNHxzOS4bYzB0f3oBMHUoNygbbDMhLnMAMC97",
        "statusMessage": "None"
    },
    "pb1": "EvGVikjSlf9IBk3Biy4b.T9HZdSai00Co8IluSy9YQW.NE1gyo+LAHKv+zSBjh13gWhE+GuGU3iru0n8YgKvN2U=",
    "pb2": "EvlpqkL5idpQMnXoDPJ3.Dmp3apetP7eyVdAlGCgA8W.ufr0PSrnvt+bJL/9okfIWwoSNhgEvyXFCJoQh0iJVBc=",
    "pb3": "EvbGNozuUJJfOWG979o7.x7rI6bZ5u/28dVVlL6uGnW.MsK3xZJiR9Gnbyfopwt4JplRcZ6U3gT0otonpeW3rz4=",
    "pb4": "EvTiKzdJUIoJsSGIjtw6.qCC3ihG0iqdWWi9C1RLKzG.oGjyaGhrE+nMUUt0hSCG9WMpJrNGN8Qtc1NZNFMvT/M=",
    "pro_name": {},
    "restartPoint": "cbef28963c1b29fef5ad5c883f4491aec",
    "setKey": false,
    "tag": "apa\napa\napa\napa\napa\napa\napa\napaan",
    "unsendMessage": false,
    "userAgent": [
        "Mozilla/5.0 (Windows NT 6.1; Trident/7.0; rv:11.0) like Gecko",
        "Mozilla/5.0 (Windows NT 6.1; rv:50.0) Gecko/20100101 Firefox/50.0",
        "Mozilla/5.0 (Windows NT 6.1; rv:51.0) Gecko/20100101 Firefox/51.0",
        "Mozilla/5.0 (Windows NT 6.1; WOW64; Trident/7.0; rv:11.0) like Gecko",
        "Mozilla/5.0 (Windows NT 6.3; WOW64; Trident/7.0; rv:11.0) like Gecko",
        "Mozilla/5.0 (X11; Linux x86_64; rv:45.0) Gecko/20100101 Firefox/45.0",
        "Mozilla/5.0 (X11; Linux x86_64; rv:50.0) Gecko/20100101 Firefox/50.0",
        "Mozilla/5.0 (X11; Linux x86_64; rv:51.0) Gecko/20100101 Firefox/51.0",
        "Mozilla/5.0 (Windows NT 10.0; WOW64; Trident/7.0; rv:11.0) like Gecko",
        "Mozilla/5.0 (Windows NT 6.1; WOW64; rv:45.0) Gecko/20100101 Firefox/45.0",
        "Mozilla/5.0 (Windows NT 6.1; WOW64; rv:50.0) Gecko/20100101 Firefox/50.0",
        "Mozilla/5.0 (Windows NT 6.1; WOW64; rv:51.0) Gecko/20100101 Firefox/51.0",
        "Mozilla/5.0 (Windows NT 6.3; WOW64; rv:50.0) Gecko/20100101 Firefox/50.0",
        "Mozilla/5.0 (Windows NT 6.3; WOW64; rv:51.0) Gecko/20100101 Firefox/51.0",
        "Mozilla/5.0 (Windows NT 10.0; WOW64; rv:50.0) Gecko/20100101 Firefox/50.0",
        "Mozilla/5.0 (Windows NT 10.0; WOW64; rv:51.0) Gecko/20100101 Firefox/51.0",
        "Mozilla/5.0 (X11; Ubuntu; Linux x86_64; rv:50.0) Gecko/20100101 Firefox/50.0",
        "Mozilla/5.0 (X11; Ubuntu; Linux x86_64; rv:51.0) Gecko/20100101 Firefox/51.0",
        "Mozilla/5.0 (compatible; MSIE 9.0; Windows NT 6.0; Trident/5.0;  Trident/5.0)",
        "Mozilla/5.0 (compatible; MSIE 9.0; Windows NT 6.1; Trident/5.0;  Trident/5.0)",
        "Mozilla/5.0 (Windows NT 6.1; Win64; x64; rv:50.0) Gecko/20100101 Firefox/50.0",
        "Mozilla/5.0 (Windows NT 10.0; Win64; x64; rv:51.0) Gecko/20100101 Firefox/51.0",
        "Mozilla/5.0 (Windows NT 10.0; Win64; x64; rv:50.0) Gecko/20100101 Firefox/50.0",
        "Mozilla/5.0 (Macintosh; Intel Mac OS X 10.11; rv:50.0) Gecko/20100101 Firefox/50.0",
        "Mozilla/5.0 (Macintosh; Intel Mac OS X 10.12; rv:50.0) Gecko/20100101 Firefox/50.0",
        "Mozilla/5.0 (Macintosh; Intel Mac OS X 10.10; rv:50.0) Gecko/20100101 Firefox/50.0",
        "Mozilla/5.0 (Macintosh; Intel Mac OS X 10.12; rv:51.0) Gecko/20100101 Firefox/51.0",
        "Mozilla/5.0 (Macintosh; Intel Mac OS X 10.10; rv:51.0) Gecko/20100101 Firefox/51.0",
        "Mozilla/5.0 (Macintosh; Intel Mac OS X 10.11; rv:51.0) Gecko/20100101 Firefox/51.0",
        "Mozilla/5.0 (Windows NT 6.1) AppleWebKit/537.36 (KHTML, like Gecko) Chrome/56.0.2924.87 Safari/537.36",
        "Mozilla/5.0 (Windows NT 6.1) AppleWebKit/537.36 (KHTML, like Gecko) Chrome/55.0.2883.87 Safari/537.36",
        "Mozilla/5.0 (Windows NT 10.0) AppleWebKit/537.36 (KHTML, like Gecko) Chrome/55.0.2883.87 Safari/537.36",
        "Mozilla/5.0 (X11; Linux x86_64) AppleWebKit/537.36 (KHTML, like Gecko) Chrome/55.0.2883.87 Safari/537.36",
        "Mozilla/5.0 (X11; Linux x86_64) AppleWebKit/537.36 (KHTML, like Gecko) Chrome/56.0.2924.76 Safari/537.36",
        "Mozilla/5.0 (X11; Linux x86_64) AppleWebKit/537.36 (KHTML, like Gecko) Chrome/56.0.2924.87 Safari/537.36",
        "Mozilla/5.0 (X11; Linux x86_64) AppleWebKit/537.36 (KHTML, like Gecko) Chrome/55.0.2883.75 Safari/537.36",
        "Mozilla/5.0 (X11; Linux x86_64) AppleWebKit/537.36 (KHTML, like Gecko) Chrome/53.0.2785.116 Safari/537.36",
        "Mozilla/5.0 (X11; Linux x86_64) AppleWebKit/537.36 (KHTML, like Gecko) Chrome/54.0.2840.100 Safari/537.36",
        "Mozilla/5.0 (Windows NT 6.3; WOW64) AppleWebKit/537.36 (KHTML, like Gecko) Chrome/55.0.2883.87 Safari/537.36",
        "Mozilla/5.0 (Windows NT 6.1; WOW64) AppleWebKit/537.36 (KHTML, like Gecko) Chrome/55.0.2883.87 Safari/537.36",
        "Mozilla/5.0 (Windows NT 6.1; WOW64) AppleWebKit/537.36 (KHTML, like Gecko) Chrome/56.0.2924.87 Safari/537.36",
        "Mozilla/5.0 (Windows NT 6.3; WOW64) AppleWebKit/537.36 (KHTML, like Gecko) Chrome/56.0.2924.87 Safari/537.36",
        "Mozilla/5.0 (Windows NT 10.0; WOW64) AppleWebKit/537.36 (KHTML, like Gecko) Chrome/56.0.2924.87 Safari/537.36",
        "Mozilla/5.0 (Windows NT 10.0; WOW64) AppleWebKit/537.36 (KHTML, like Gecko) Chrome/55.0.2883.87 Safari/537.36",
        "Mozilla/5.0 (Windows NT 6.1; Win64; x64) AppleWebKit/537.36 (KHTML, like Gecko) Chrome/55.0.2883.87 Safari/537.36",
        "Mozilla/5.0 (Windows NT 6.1; Win64; x64) AppleWebKit/537.36 (KHTML, like Gecko) Chrome/56.0.2924.76 Safari/537.36",
        "Mozilla/5.0 (Windows NT 6.1; Win64; x64) AppleWebKit/537.36 (KHTML, like Gecko) Chrome/56.0.2924.87 Safari/537.36",
        "Mozilla/5.0 (Windows NT 6.3; Win64; x64) AppleWebKit/537.36 (KHTML, like Gecko) Chrome/55.0.2883.87 Safari/537.36",
        "Mozilla/5.0 (Windows NT 10.0; Win64; x64) AppleWebKit/537.36 (KHTML, like Gecko) Chrome/56.0.2924.87 Safari/537.36",
        "Mozilla/5.0 (Windows NT 10.0; Win64; x64) AppleWebKit/537.36 (KHTML, like Gecko) Chrome/55.0.2883.87 Safari/537.36",
        "Mozilla/5.0 (Windows NT 10.0; Win64; x64) AppleWebKit/537.36 (KHTML, like Gecko) Chrome/56.0.2924.76 Safari/537.36",
        "Mozilla/5.0 (Macintosh; Intel Mac OS X 10_12) AppleWebKit/602.1.50 (KHTML, like Gecko) Version/10.0 Safari/602.1.50",
        "Mozilla/5.0 (Macintosh; Intel Mac OS X 10_11_6) AppleWebKit/601.7.7 (KHTML, like Gecko) Version/9.1.2 Safari/601.7.7",
        "Mozilla/5.0 (Macintosh; Intel Mac OS X 10_9_5) AppleWebKit/601.7.8 (KHTML, like Gecko) Version/9.1.3 Safari/537.86.7",
        "Mozilla/5.0 (Macintosh; Intel Mac OS X 10_11_6) AppleWebKit/602.4.8 (KHTML, like Gecko) Version/10.0.3 Safari/602.4.8",
        "Mozilla/5.0 (Macintosh; Intel Mac OS X 10_12_3) AppleWebKit/602.4.8 (KHTML, like Gecko) Version/10.0.3 Safari/602.4.8",
        "Mozilla/5.0 (Macintosh; Intel Mac OS X 10_10_5) AppleWebKit/602.4.8 (KHTML, like Gecko) Version/10.0.3 Safari/602.4.8",
        "Mozilla/5.0 (Macintosh; Intel Mac OS X 10_10_3) AppleWebKit/600.5.17 (KHTML, like Gecko) Version/8.0.5 Safari/600.5.17",
        "Mozilla/5.0 (Macintosh; Intel Mac OS X 10_12_2) AppleWebKit/602.3.12 (KHTML, like Gecko) Version/10.0.2 Safari/602.3.12",
        "Mozilla/5.0 (Macintosh; Intel Mac OS X 10_11_6) AppleWebKit/602.3.12 (KHTML, like Gecko) Version/10.0.2 Safari/602.3.12",
        "Mozilla/5.0 (Macintosh; Intel Mac OS X 10_10_5) AppleWebKit/602.3.12 (KHTML, like Gecko) Version/10.0.2 Safari/602.3.12",
        "Mozilla/5.0 (Macintosh; Intel Mac OS X 10_11_6) AppleWebKit/602.2.14 (KHTML, like Gecko) Version/10.0.1 Safari/602.2.14",
        "Mozilla/5.0 (Macintosh; Intel Mac OS X 10_12_1) AppleWebKit/602.2.14 (KHTML, like Gecko) Version/10.0.1 Safari/602.2.14",
        "Mozilla/5.0 (Macintosh; Intel Mac OS X 10_9_5) AppleWebKit/537.36 (KHTML, like Gecko) Chrome/55.0.2883.95 Safari/537.36",
        "Mozilla/5.0 (Macintosh; Intel Mac OS X 10_12_2) AppleWebKit/537.36 (KHTML, like Gecko) Chrome/55.0.2883.95 Safari/537.36",
        "Mozilla/5.0 (Macintosh; Intel Mac OS X 10_11_6) AppleWebKit/537.36 (KHTML, like Gecko) Chrome/55.0.2883.95 Safari/537.36",
        "Mozilla/5.0 (Macintosh; Intel Mac OS X 10_10_5) AppleWebKit/537.36 (KHTML, like Gecko) Chrome/55.0.2883.95 Safari/537.36",
        "Mozilla/5.0 (Macintosh; Intel Mac OS X 10_12_3) AppleWebKit/537.36 (KHTML, like Gecko) Chrome/55.0.2883.95 Safari/537.36",
        "Mozilla/5.0 (Macintosh; Intel Mac OS X 10_12_3) AppleWebKit/537.36 (KHTML, like Gecko) Chrome/56.0.2924.87 Safari/537.36",
        "Mozilla/5.0 (Macintosh; Intel Mac OS X 10_12_1) AppleWebKit/537.36 (KHTML, like Gecko) Chrome/55.0.2883.95 Safari/537.36",
        "Mozilla/5.0 (Macintosh; Intel Mac OS X 10_11_6) AppleWebKit/537.36 (KHTML, like Gecko) Chrome/56.0.2924.87 Safari/537.36",
        "Mozilla/5.0 (Macintosh; Intel Mac OS X 10_11_5) AppleWebKit/537.36 (KHTML, like Gecko) Chrome/55.0.2883.95 Safari/537.36",
        "Mozilla/5.0 (Macintosh; Intel Mac OS X 10_12_0) AppleWebKit/537.36 (KHTML, like Gecko) Chrome/55.0.2883.95 Safari/537.36",
        "Mozilla/5.0 (Macintosh; Intel Mac OS X 10_12_2) AppleWebKit/537.36 (KHTML, like Gecko) Chrome/56.0.2924.87 Safari/537.36",
        "Mozilla/5.0 (Macintosh; Intel Mac OS X 10_10_5) AppleWebKit/537.36 (KHTML, like Gecko) Chrome/56.0.2924.87 Safari/537.36",
        "Mozilla/5.0 (Macintosh; Intel Mac OS X 10_12_3) AppleWebKit/537.36 (KHTML, like Gecko) Chrome/56.0.2924.76 Safari/537.36",
        "Mozilla/5.0 (Macintosh; Intel Mac OS X 10_11_3) AppleWebKit/537.36 (KHTML, like Gecko) Chrome/55.0.2883.95 Safari/537.36",
        "Mozilla/5.0 (Macintosh; Intel Mac OS X 10_11_4) AppleWebKit/537.36 (KHTML, like Gecko) Chrome/55.0.2883.95 Safari/537.36",
        "Mozilla/5.0 (Windows NT 10.0; Win64; x64) AppleWebKit/537.36 (KHTML, like Gecko) Chrome/46.0.2486.0 Safari/537.36 Edge/13.10586",
        "Mozilla/5.0 (Windows NT 10.0; Win64; x64) AppleWebKit/537.36 (KHTML, like Gecko) Chrome/51.0.2704.79 Safari/537.36 Edge/14.14393",
        "Mozilla/5.0 (X11; Linux x86_64) AppleWebKit/537.36 (KHTML, lik0e Gecko) Ubuntu Chromium/55.0.2883.87 Chrome/55.0.2883.87 Safari/537.36",
        "Mozilla/5.0 (X11; Linux x86_64) AppleWebKit/537.36 (KHTML, like Gecko) Ubuntu Chromium/53.0.2785.143 Chrome/53.0.2785.143 Safari/537.36",
        "Mozilla/5.0 (X11; U; Linux i586; de; rv:5.0) Gecko/20100101 Firefox/5.0",
        "Mozilla/5.0 (X11; U; Linux amd64; rv:5.0) Gecko/20100101 Firefox/5.0 (Debian)",
        "Mozilla/5.0 (X11; U; Linux amd64; en-US; rv:5.0) Gecko/20110619 Firefox/5.0",
        "Mozilla/5.0 (X11; Linux) Gecko Firefox/5.0",
        "Mozilla/5.0 (X11; Linux x86_64; rv:5.0) Gecko/20100101 Firefox/5.0 FirePHP/0.5",
        "Mozilla/5.0 (X11; Linux x86_64; rv:5.0) Gecko/20100101 Firefox/5.0 Firefox/5.0",
        "Mozilla/5.0 (X11; Linux x86_64) Gecko Firefox/5.0",
        "Mozilla/5.0 (X11; Linux ppc; rv:5.0) Gecko/20100101 Firefox/5.0",
        "Mozilla/5.0 (X11; Linux AMD64) Gecko Firefox/5.0",
        "Mozilla/5.0 (X11; FreeBSD amd64; rv:5.0) Gecko/20100101 Firefox/5.0",
        "Mozilla/5.0 (Windows NT 6.2; WOW64; rv:5.0) Gecko/20100101 Firefox/5.0",
        "Mozilla/5.0 (Windows NT 6.1; Win64; x64; rv:5.0) Gecko/20110619 Firefox/5.0",
        "Mozilla/5.0 (Windows NT 6.1; Win64; x64; rv:5.0) Gecko/20100101 Firefox/5.0",
        "Mozilla/5.0 (Windows NT 6.1; rv:6.0) Gecko/20100101 Firefox/5.0",
        "Mozilla/5.0 (Windows NT 6.1.1; rv:5.0) Gecko/20100101 Firefox/5.0",
        "Mozilla/5.0 (Windows NT 5.2; WOW64; rv:5.0) Gecko/20100101 Firefox/5.0",
        "Mozilla/5.0 (Windows NT 5.1; U; rv:5.0) Gecko/20100101 Firefox/5.0",
        "Mozilla/5.0 (Windows NT 5.1; rv:2.0.1) Gecko/20100101 Firefox/5.0",
        "Mozilla/5.0 (Windows NT 5.0; WOW64; rv:5.0) Gecko/20100101 Firefox/5.0",
        "Mozilla/5.0 (Windows NT 5.0; rv:5.0) Gecko/20100101 Firefox/5.0"
    ]
}